[
  {
    "username": "Brian Kernighan",
    "email": "bkernighan@techfriends.dev",
    "password": "password01",
    "isAdmin": false
  },
  {
    "username": "Max Kanat-Alexander",
    "email": "mkanatalexander@techfriends.dev",
    "password": "password02",
    "isAdmin": false
  },
  {
    "username": "Why The Lucky Stiff",
    "email": "wtls@techfriends.dev",
    "password": "password03",
    "isAdmin": false
  },
  {
    "username": "Kent Beck",
    "email": "kbeck@techfriends.dev",
    "password": "password04",
    "isAdmin": false
  },
  {
    "username": "Edward V. Berard",
    "email": "evberard@techfriends.dev",
    "password": "password05",
    "isAdmin": false
  },
  {
    "username": "Alan Kay",
    "email": "akay@techfriends.dev",
    "password": "password06",
    "isAdmin": false
  },
  {
    "username": "C.A.R. Hoare",
    "email": "choare@techfriends.dev",
    "password": "password07",
    "isAdmin": false
  },
  {
    "username": "David Thomas",
    "email": "dthomas@techfriends.dev",
    "password": "password08",
    "isAdmin": false
  },
  {
    "username": "Donald Knuth",
    "email": "dknuth@techfriends.dev",
    "password": "password09",
    "isAdmin": false
  },
  {
    "username": "Lernantino",
    "email": "lernantino@techfriends.dev",
    "password": "password10",
    "isAdmin": true
  }
]
